Login,integer_number
aa7123,137
aa8123,37
aam223,83
ab1223,157
ab2622,90
ab2923,115
ab4623,31
ab6323,23
ac2923,101
ac3822,82
ad2223,54
ad4123,60
ag3923,97
ag5023,22
aj1723,17
ak3123,36
akc123,166
akj23,109
al4423,5
al4523,6
am5523,44
aoc23,32
ap3723,178
ap4223,65
ar1923,62
as11323,52
as5323,47
as6523,153
asz23,119
av1523,138
aw1723,0
aw1823,28
ay1922,169
ayt23,59
ba823,113
bd523,8
bh1123,80
bs1723,72
bz823,147
ca422,167
cc3723,154
cl3723,163
cmk123,35
cw2923,156
cyc23,4
da1823,174
djn23,21
dp1423,1
ds3423,139
dyc23,87
dys23,61
dz1223,104
ed1223,161
eg1623,185
fh1223,26
fl1123,179
gc1523,12
gd1023,116
gk1623,131
gs1323,120
ha1421,171
hg1523,66
hg1923,2
hg623,123
hh2023,110
hhw23,164
hj1423,71
hs1823,176
hyl123,40
im723,93
ind22,67
iv223,118
jc4423,160
jch23,89
jg2423,70
jg3623,159
jhc23,88
jhl323,79
jk2723,175
js5422,133
jsc323,92
jsk23,155
jt2622,158
jtr23,151
jtw23,85
jw1123,111
jw3923,91
jw4723,130
jx1823,48
jz4623,20
kc1423,106
kh1722,146
kjg23,95
kk3223,50
kmt123,148
kr723,63
ks2923,57
kw1523,152
kw1923,75
kyh23,121
lc3223,170
lf523,98
lh1022,76
lk922,69
ll4923,77
ll5323,184
lo223,33
lw2223,188
lw2423,183
ma3523,186
ma4723,142
mab223,34
mb3923,94
md3523,16
mel23,78
mg1023,126
mg2123,56
mhc223,112
mkn123,43
mks23,18
mnn23,181
ms4623,187
ms6123,165
nj323,19
ns3023,51
nv323,42
nw523,172
om623,150
oo723,103
os222,129
ov223,9
pc1123,168
pkl23,108
pm323,46
pp1523,7
rg1523,135
rk1923,15
rl2223,14
rl2423,55
rlc23,30
rnk23,41
rv622,144
ryf23,68
sa4523,177
sa5123,100
sb3923,173
sdj223,132
sjw23,99
sl6823,39
sp2223,182
sr1923,25
ss12723,38
ss5123,10
ss7623,53
ss7923,149
sv823,145
sw5623,143
tb1023,140
tc2323,73
td1223,122
th1123,180
tl1723,13
tm1323,117
ts1223,107
ts2623,24
tt1120,128
tt2022,45
vak23,96
vg423,29
vg723,49
vvv23,86
wb323,74
wc1023,162
wj223,127
wp323,11
wss23,141
xd123,114
xg1322,81
xth23,136
xx1423,58
yak23,134
yrs23,102
ys4423,124
yw9223,84
yy6623,27
zl7223,64
zr523,105
zu123,3
